ID;name
1;"wow"
2;"IT"
3;"food"
4;"health"
5;"electronics"
6;"cars"
7;"movies"
8;"work"
9;"hobby"
10;"TV"
11;"money"
12;"test tag 1"
13;"tripod"
14;"games"
15;"new home"
16;"roman"
18;"new wow"
19;"free"
20;"algorithm"
21;"policy"
22;"definition"
23;"Monitored"
24;"instruction set"
25;"synergy"
26;"multi-state"
27;"Digitized"
28;"Cross-group"
29;"help-desk"
30;"Diverse"
31;"Fundamental"
32;"firmware"
33;"moratorium"
34;"zero tolerance"
35;"Expanded"
36;"web-enabled"
37;"Ergonomic"
38;"radical"
39;"Multi-lateral"
40;"De-engineered"
41;"Seamless"
42;"methodology"
43;"4th generation"
44;"moderator"
45;"open architecture"
46;"process improvement"
47;"customer loyalty"
48;"Exclusive"
49;"Secured"
50;"upward-trending"
51;"installation"
52;"encoding"
53;"matrix"
54;"didactic"
55;"5th generation"
56;"Centralized"
57;"frame"
58;"hardware"
59;"website"
60;"discrete"
61;"tangible"
62;"24/7"
63;"uniform"
64;"Phased"
65;"Enhanced"
66;"bandwidth-monitored"
67;"ability"
68;"Persevering"
69;"high-level"
70;"Cross-platform"
71;"intermediate"
72;"6th generation"
73;"human-resource"
74;"portal"
75;"Focused"
76;"Triple-buffered"
77;"budgetary management"
78;"content-based"
79;"access"
80;"protocol"
81;"benchmark"
82;"Fully-configurable"
83;"hybrid"
84;"Synchronised"
85;"collaboration"
86;"success"
87;"product"
88;"workforce"
89;"Customizable"
90;"exuding"
91;"Front-line"
92;"leading edge"
93;"migration"
94;"strategy"
95;"coherent"
96;"application"
97;"complexity"
98;"real-time"
99;"Organized"
100;"Streamlined"
101;"reciprocal"
102;"capacity"
103;"Universal"
104;"client-server"
105;"Public-key"
106;"Team-oriented"
107;"infrastructure"
108;"Implemented"
109;"fresh-thinking"
110;"hub"
111;"zero administration"
112;"asymmetric"
113;"Adaptive"
114;"Mandatory"
115;"systemic"
116;"local"
117;"intranet"
118;"Vision-oriented"
119;"Grass-roots"
120;"Down-sized"
121;"Re-engineered"
122;"structure"
123;"projection"
124;"logistical"
125;"Configurable"
126;"Face to face"
127;"Optional"
128;"Visionary"
129;"fault-tolerant"
130;"Realigned"
131;"forecast"
132;"composite"
133;"Polarised"
134;"attitude"
135;"incremental"
136;"concept"
137;"toolset"
138;"Horizontal"
139;"Networked"
140;"Distributed"
141;"Progressive"
142;"systematic"
143;"even-keeled"
144;"task-force"
145;"encryption"
146;"Persistent"
147;"Devolved"
148;"background"
149;"Sharable"
150;"dynamic"
151;"bottom-line"
152;"non-volatile"
153;"Automated"
154;"Self-enabling"
155;"alliance"
156;"internet solution"
157;"Intuitive"
158;"Advanced"
159;"motivating"
160;"stable"
161;"Quality-focused"
162;"analyzer"
163;"Operative"
164;"core"
165;"matrices"
166;"disintermediate"
167;"Open-architected"
168;"knowledge user"
169;"heuristic"
170;"Business-focused"
171;"transitional"
172;"client-driven"
173;"system-worthy"
174;"Balanced"
175;"monitoring"
176;"adapter"
177;"Reactive"
178;"Future-proofed"
179;"Upgradable"
180;"artificial intelligence"
181;"Cloned"
182;"Synergistic"
183;"orchestration"
184;"knowledge base"
185;"Total"
186;"grid-enabled"
187;"Assimilated"
188;"Organic"
189;"contingency"
190;"groupware"
191;"paradigm"
192;"regional"
193;"Function-based"
194;"Proactive"
195;"mission-critical"
196;"foreground"
197;"interface"
198;"capability"
199;"focus group"
200;"eco-centric"
201;"tertiary"
202;"cohesive"
203;"Enterprise-wide"
204;"system engine"
205;"Innovative"
206;"methodical"
207;"Re-contextualized"
208;"Programmable"
209;"user-facing"
210;"impactful"
211;"data-warehouse"
212;"encompassing"
213;"Switchable"
214;"implementation"
215;"Synergized"
216;"bifurcated"
217;"24 hour"
218;"model"
219;"project"
220;"scalable"
221;"executive"
222;"optimal"
223;"contextually-based"
224;"attitude-oriented"
225;"3rd generation"
226;"middleware"
227;"Reverse-engineered"
228;"leverage"
229;"Profound"
230;"User-centric"
231;"initiative"
232;"time-frame"
233;"empowering"
234;"Integrated"
235;"superstructure"
236;"value-added"
237;"bi-directional"
238;"demand-driven"
239;"Extended"
240;"Decentralized"
241;"neural-net"
242;"homogeneous"
243;"solution-oriented"
244;"approach"
245;"function"
246;"secured line"
247;"Optimized"
248;"Ameliorated"
249;"database"
250;"secondary"
251;"local area network"
252;"Object-based"
253;"Reduced"
254;"needs-based"
255;"responsive"
256;"analyzing"
257;"standardization"
258;"info-mediaries"
259;"array"
260;"throughput"
261;"software"
262;"Customer-focused"
263;"Right-sized"
264;"extranet"
265;"Pre-emptive"
266;"Graphic Interface"
267;"holistic"
268;"pricing structure"
269;"multi-tasking"
270;"Robust"
271;"zero defect"
272;"global"
273;"parallelism"
274;"object-oriented"
275;"Multi-tiered"
276;"support"
277;"actuating"
278;"next generation"
279;"architecture"
280;"maximized"
281;"explicit"
282;"Inverse"
283;"productivity"
284;"optimizing"
285;"open system"
286;"Stand-alone"
287;"Multi-layered"
288;"flexibility"
289;"User-friendly"
290;"Compatible"
291;"solution"
292;"Managed"
293;"full-range"
294;"conglomeration"
295;"well-modulated"
296;"static"
297;"Virtual"
298;"emulation"
299;"challenge"
300;"neutral"
301;"Graphical User Interface"
302;"Open-source"
303;"asynchronous"
304;"archive"
305;"Profit-focused"
306;"framework"
307;"national"
308;"interactive"
309;"context-sensitive"
310;"modular"
311;"directional"
312;"intangible"
313;"functionalities"
314;"Kanlam"
315;"Stim"
316;"Greenlam"
317;"Solarbreeze"
318;"Alphazap"
319;"Konklab"
320;"Biodex"
321;"Regrant"
322;"Trippledex"
323;"Zathin"
324;"Ventosanzap"
325;"Subin"
326;"Lotstring"
327;"Daltfresh"
328;"Zooxo"
329;"Oyoloo"
330;"Yakidoo"
331;"Demivee"
332;"Mydo"
333;"Twimbo"
334;"Jamia"
335;"Fadeo"
336;"Janyx"
337;"Tagtune"
338;"Jaxworks"
339;"Bubblebox"
340;"Shuffletag"
341;"Babbleset"
342;"Fatz"
343;"Vipe"
344;"Roomm"
345;"Rhynyx"
346;"Abatz"
347;"BlogXS"
348;"Innotype"
349;"Wikido"
350;"Fiveclub"
351;"Mydeo"
352;"Kazio"
353;"Meejo"
354;"Devpulse"
355;"Linkbuzz"
356;"Podcat"
357;"Yodo"
358;"Skipfire"
359;"Innojam"
360;"Tagpad"
361;"Shuffledrive"
362;"Skippad"
363;"Zoozzy"
364;"Wikizz"
365;"Vinte"
366;"Demimbu"
367;"Nlounge"
368;"Aimbu"
369;"Brainsphere"
370;"Thoughtmix"
371;"Devcast"
372;"Roombo"
373;"Jaxspan"
374;"Vitz"
375;"Yodel"
376;"Browsecat"
377;"Oloo"
378;"Agimba"
379;"Riffpath"
380;"Gabtype"
381;"Tagfeed"
382;"Fliptune"
383;"Dabshots"
384;"Bluejam"
385;"Brainlounge"
386;"Skiptube"
387;"Izio"
388;"Trunyx"
389;"Fivebridge"
390;"Feedmix"
391;"Voomm"
392;"Vimbo"
393;"Oba"
394;"Bubblemix"
395;"Eire"
396;"Topicshots"
397;"Yakijo"
398;"Buzzbean"
399;"Tazzy"
400;"LiveZ"
401;"Realbuzz"
402;"Photojam"
403;"Kamba"
404;"Centizu"
405;"Riffpedia"
406;"Trupe"
407;"Zoomzone"
408;"Talane"
409;"Camimbo"
410;"Minyx"
411;"Eadel"
412;"Fivechat"
413;"Wikivu"
414;"Myworks"
415;"Lazzy"
416;"Divanoodle"
417;"Dynava"
418;"Mymm"
419;"Rhybox"
420;"Viva"
421;"Dynabox"
422;"Skynoodle"
423;"Gabcube"
424;"Voonder"
425;"Linktype"
426;"Ozu"
427;"Skilith"
428;"Mybuzz"
429;"Flashspan"
430;"Voolia"
431;"Tagchat"
432;"Buzzster"
433;"Zoombox"
434;"Edgepulse"
435;"Avaveo"
436;"Zava"
437;"Feedbug"
438;"Quimba"
439;"Voolith"
440;"Kazu"
441;"Youbridge"
442;"Einti"
443;"Eare"
444;"Devpoint"
445;"Yata"
446;"Demizz"
447;"Jabberbean"
448;"Vinder"
449;"Feedfish"
450;"Eimbee"
451;"Riffwire"
452;"Yabox"
453;"Skinte"
454;"Latz"
455;"Zoovu"
456;"Zooveo"
457;"Twimm"
458;"Dynazzy"
459;"Skipstorm"
460;"Blogtags"
461;"Topdrive"
462;"Photospace"
463;"Fivespan"
464;"Tazz"
465;"Kwimbee"
466;"Jabbersphere"
467;"Dabvine"
468;"Livefish"
469;"Linklinks"
470;"Flashdog"
471;"Blognation"
472;"Brainverse"
473;"Jabbertype"
474;"Devbug"
475;"Blogspan"
476;"Buzzdog"
477;"Tagopia"
478;"Thoughtstorm"
479;"Youopia"
480;"Feedfire"
481;"Skinix"
482;"Quinu"
483;"Agivu"
484;"Thoughtbridge"
485;"Kwilith"
486;"Devshare"
487;"Realfire"
488;"Gigazoom"
489;"Dabjam"
490;"Feednation"
491;"Blogtag"
492;"Tambee"
493;"Dabfeed"
494;"Realcube"
495;"Tekfly"
496;"Oyoyo"
497;"Photofeed"
498;"Ntags"
499;"Jaxbean"
500;"Skajo"
501;"Gigashots"
502;"Rhycero"
503;"Yodoo"
504;"Quimm"
505;"Youspan"
506;"Mycat"
507;"Skalith"
508;"Wikibox"
509;"Tanoodle"
510;"Skidoo"
511;"Lajo"
512;"Dabtype"
513;"Youfeed"
514;"Oyonder"
515;"Jayo"
516;"Brightbean"
517;"Kimia"
518;"Edgeify"
519;"Aivee"
520;"Eabox"
521;"Yozio"
522;"Avamm"
523;"Voonyx"
524;"Gabspot"
525;"Yacero"
526;"Layo"
527;"JumpXS"
528;"Yamia"
529;"Skibox"
530;"Plambee"
531;"Oyoba"
532;"Tavu"
533;"Quamba"
534;"Topicstorm"
535;"Jetwire"
536;"Shufflester"
537;"Rhyloo"
538;"Wordify"
539;"Topiczoom"
540;"Babblestorm"
541;"Leexo"
542;"Miboo"
543;"Twitterbeat"
544;"Pixope"
545;"Twitterbridge"
546;"Trilia"
547;"Realmix"
548;"Vidoo"
549;"Omba"
550;"Zoonder"
551;"Yoveo"
552;"Tagcat"
553;"Digitube"
554;"Camido"
555;"Yakitri"
556;"Dazzlesphere"
557;"Topiclounge"
558;"Kaymbo"
559;"Yadel"
560;"Quaxo"
561;"Jabbercube"
562;"Skyvu"
563;"Rhynoodle"
564;"Shufflebeat"
565;"Skiba"
566;"Kwinu"
567;"Zoonoodle"
568;"Jazzy"
569;"Centimia"
570;"Jetpulse"
571;"Livetube"
572;"Wordpedia"
573;"Youtags"
574;"Zoombeat"
575;"Yotz"
576;"Wordtune"
577;"Skyndu"
578;"Brainbox"
579;"Voonix"
580;"Skyble"
581;"Ainyx"
582;"Linkbridge"
583;"Avamba"
584;"Twinte"
585;"Wordware"
586;"Jaxnation"
587;"Topicware"
588;"Eidel"
589;"Trudoo"
590;"Realbridge"
591;"Edgewire"
592;"Browseblab"
593;"Meezzy"
594;"Lazz"
595;"Meevee"
596;"Skinder"
597;"Eamia"
598;"Buzzshare"
599;"Eayo"
600;"Geba"
601;"Snaptags"
602;"Jabberstorm"
603;"Yambee"
604;"Flipbug"
605;"Trudeo"
606;"Skimia"
607;"Livepath"
608;"Devify"
609;"Chatterpoint"
610;"Gabtune"
611;"Zoomlounge"
612;"Babbleopia"
613;"Cogilith"
614;"Teklist"
615;"Plajo"
616;"Voonte"
617;"Rooxo"
618;"Edgetag"
619;"Thoughtbeat"
620;"Rhyzio"
621;"Jatri"
622;"Pixonyx"
623;"Realpoint"
624;"Meeveo"
625;"InnoZ"
626;"Flipopia"
627;"Chatterbridge"
628;"Mita"
629;"Flashpoint"
630;"Oodoo"
631;"Thoughtblab"
632;"Thoughtworks"
633;"Bluezoom"
634;"Photobean"
635;"Jaloo"
636;"DabZ"
637;"Browsezoom"
638;"Twiyo"
639;"Roodel"
640;"Skyba"
641;"Blogpad"
642;"Realblab"
643;"Twitterwire"
644;"Zazio"
645;"Leenti"
646;"Abata"
647;"Cogidoo"
648;"Centidel"
649;"Kanoodle"
650;"Photobug"
651;"Edgeblab"
652;"Browsebug"
653;"Katz"
654;"Quatz"
655;"Dablist"
656;"Bubbletube"
657;"Twitterworks"
658;"Twitterlist"
659;"Meedoo"
660;"Midel"
661;"Kayveo"
662;"Photolist"
663;"Browsetype"
664;"Skaboo"
665;"Flashset"
666;"Babbleblab"
667;"Twitternation"
668;"Muxo"
669;"Gigaclub"
670;"Thoughtsphere"
671;"Skivee"
672;"Kwideo"
673;"Oyope"
674;"Npath"
675;"Yombu"
676;"Aibox"
677;"Kare"
678;"Oozz"
679;"Twinder"
680;"Meetz"
681;"Browsedrive"
682;"Gigabox"
683;"Aimbo"
684;"Eazzy"
685;"Aquaponics"
686;"Tortoise SVN"
687;"Online Lead Generation"
688;"Geology"
689;"PWE3"
690;"Retail Sales"
691;"PFI"
692;"Occupational Therapy"
693;"At-risk"
694;"FMOD"
695;"Company Set-up"
696;"Personal Training"
697;"CTRS"
698;"Talent Booking"
699;"global HCM"
700;"AOI"
701;"Government Relations"
702;"Journals"
703;"Fertility"
704;"Wholesale Lending"
705;"Road Safety"
706;"GPS Navigation"
707;"NLTK"
708;"NREMT"
709;"HCSS"
710;"Organic Chemistry"
711;"Invertebrate Zoology"
712;"vShield"
713;"WLL"
714;"VRF"
715;"TyMetrix"
716;"RTU"
717;"Brand Awareness"
718;"HR Project Management"
719;"HDMI"
720;"LLQP"
721;"Xpediter"
722;"Business Development"
723;"DDI Certified"
724;"AX 2009"
725;"RF Engineering"
726;"TSW"
727;"Estimates"
728;"CQT"
729;"iReport"
730;"ATR-FTIR"
731;"Eggplant"
732;"McKesson PACS"
733;"Childhood Obesity"
734;"NFL"
735;"Private Equity"
736;"iOS Design"
737;"IT Solutions"
738;"PMCS"
739;"Protein Purification"
740;"Turn Around Management"
741;"Wrongful Death"
742;"Apache ZooKeeper"
743;"Nursing Care"
744;"Sensory Evaluation"
745;"DHCPv6"
746;"High Availability"
747;"Fedora"
748;"Embedded Linux"
749;"GNMA"
750;"User Acceptance Testing"
751;"GI"
752;"Guided Imagery"
753;"Amazon EC2"
754;"iHistorian"
755;"Smartboard"
756;"Private Duty"
757;"AutoCAD Architecture"
758;"Game Development"
759;"Agency MBS"
760;"RWA"
761;"NSLDS"
762;"Rural Community Development"
763;"Knitting"
764;"Part-Time CFO Services"
765;"RDFS"
766;"Rational XDE"
767;"VB.NET"
768;"iPad Development"
769;"Simulink"
770;"TL1"
771;"Workforce Development"
772;"Wiring"
773;"Multi-Unit Management"
774;"Student Financial Aid"
775;"TKI"
776;"Alumni Relations"
777;"Tumblr"
778;"Wireless Networking"
779;"Bit.ly"
780;"IMS DB/DC"
781;"WSPG"
782;"Appraisals"
783;"Radio Promotions"
784;"FPGA"
785;"Zsh"
786;"Pyrosequencing"
787;"Agilent ADS"
788;"dSPACE"
789;"VTAM"
790;"Qik"
791;"NRF"
792;"LNG"
793;"NSF"
794;"E-commerce"
795;"Design for Manufacturing"
796;"HTC"
797;"Nslookup"
798;"ClearCase"
799;"TSCA"
800;"Requirements Gathering"
801;"MXF"
802;"GAAP"
803;"Purchase Management"
804;"Visual Arts"
805;"zLinux"
806;"AQL"
807;"Customer Support"
808;"OCaml"
809;"Political Risk Analysis"
810;"EAI"
811;"Acute Care"
812;"Rail"
813;"Project Management"
814;"Architectural Design"
815;"Cardiac MRI"
816;"NMR Spectroscopy"
817;"Bylaws"
818;"RFLP"
819;"Military Operations"
820;"Intercollegiate Athletics"
821;"New Hire Training"
822;"Maritime Operations"
823;"Two-way Radio"
824;"Strategic Partnerships"
825;"JPEG2000"
826;"Russian"
827;"CDM"
828;"MRO Management"
829;"LDOM"
830;"Manufacturing Operations Management"
831;"DDD"
832;"Kundalini Yoga"
833;"Pyramid"
834;"Aftersales"
835;"OOS"
836;"Ethernet over Copper"
837;"Legal Writing"
838;"MPE"
839;"MHRA"
840;"iPhone Support"
841;"HW/SW integration"
842;"RMF"
843;"ACLS"
844;"Cement"
845;"MLRO"
846;"ITIL Certified"
847;"Obedience"
848;"Photoshop"
849;"Image Manipulation"
850;"BBEdit"
851;"Clinical Trials"
852;"Alcoholic Beverages"
853;"IELTS"
854;"RPT"
855;"Xbox 360"
856;"Guardianship"
857;"OLEDB"
858;"Footwear"
859;"Receptionist Duties"
860;"GIS Modeling"
861;"DXX"
862;"Legal Research"
863;"New Homes"
864;"Dunn &amp; Bradstreet"
865;"Energy Efficiency"
866;"DTR"
867;"VLAN"
868;"Accounts Payable"
869;"Phone Etiquette"
870;"National Association of Realtors"
871;"Equity Valuation"
872;"RDF"
873;"GCPs"
874;"IFS"
875;"Oligonucleotides"
876;"Non-profit Program Development"
877;"Whiplash"
878;"Django"
879;"DBs"
880;"Estate Jewelry"
881;"Affiliate Marketing"
882;"Procurement"
883;"LCS"
884;"Erosion Control"
885;"Kickstart"
886;"Accounting"
887;"Tgrid"
888;"ADP Payroll"
889;"Lean Manufacturing"
890;"Blackberry OS"
891;"Time Management"
892;"Non-profit Volunteering"
893;"Interactive Whiteboard"
894;"Hands-on Training"
895;"Ion"
896;"Psychometrics"
897;"BPL"
898;"RRSP"
899;"MPLS VPN"
900;"BGAN"
901;"GNS3"
902;"European Studies"
903;"Ayurveda"
904;"YUM"
905;"System Testing"
906;"FMS"
907;"DBMS"
908;"NPO"
909;"Navy"
910;"White Box Testing"
911;"WGA"
912;"DPF"
913;"EBIT"
914;"FCPA"
915;"Therapeutic Areas"
916;"PCM"
917;"TCP"
918;"Pyxis"
919;"Litigation Support"
920;"PVTsim"
921;"MSC Patran"
922;"Diabetes"
923;"Background Checks"
924;"Phase II Subsurface Investigations"
925;"TF-CBT"
926;"Utilities Management"
927;"SDTM"
928;"VTR"
929;"DVD Architect"
930;"PostgreSQL"
931;"VC#"
932;"Leadership"
933;"LDS"
934;"EOD"
935;"21 CFR Part 11"
936;"Qmail"
937;"Cost Accounting"
938;"HBase"
939;"CMA"
940;"Nitrous Oxide"
941;"HP Blade"
942;"Photography"
943;"HDX"
944;"Erwin"
945;"LPIC"
946;"DDR"
947;"JIRA"
948;"Xilinx ISE"
949;"GML"
950;"Myers-Briggs Certified"
951;"EEO"
952;"UE"
953;"Make vs Buy"
954;"Equity Research"
955;"Weddings"
956;"DLC"
957;"CNAS"
958;"YSlow"
959;"Philanthropy"
960;"RHEV"
961;"CDMA"
962;"Geography"
963;"Kondor+"
964;"Agribusiness"
965;"NHPA"
966;"DSP BIOS"
967;"SAP MM"
968;"Music History"
969;"Dublin Core"
970;"BCA Protein Assay"
971;"High Yield"
972;"IVIVC"
973;"Payments"
974;"Switchgear"
975;"MLA"
976;"IOS Firewall"
977;"DS4000"
978;"Yardi"
979;"Aviation Security"
980;"Aesthetic Surgery"
981;"VSE"
982;"OASIS"
983;"Gypsum"
984;"CATIA"
985;"IFC"
986;"Kaseya"
987;"Family Medicine"
988;"HR Policy Formulation"
989;"FP7"
990;"RDz"
991;"QSIG"
992;"Jetty"
993;"CFML"
994;"CNC Mill"
995;"IT Transformation"
996;"NMON"
997;"ERP Software"
998;"Licensing"
999;"Aquatics"
1000;"Windows Azure"
1001;"Engineering"
1002;"PMBOK"
1003;"Cash Flow Forecasting"
1004;"401k Rollovers"
1005;"Snow"
1006;"NDA"
1007;"Unix"
1008;"Axis2"
1009;"fMRI"
1010;"OLTP"
1011;"xSeries"
1012;"Joint Ventures"
1013;"Site Plans"
1014;"Service Delivery"
1015;"HCFA"
1016;"Xilinx"
1017;"Jury Trials"
1018;"Video Production"
1019;"RTCP"
1020;"FTTP"
1021;"WTP"
1022;"Wedding Photography"
1023;"VT"
1024;"Business Ideas"
1025;"HMI Configuration"
1026;"Electric Utility"
1027;"cXML"
1028;"Government"
1029;"DFU"
1030;"Awk"
1031;"Green Belt"
1032;"On-Set VFX Supervision"
1033;"IEC"
1034;"UML Tools"
1035;"Motion Graphics"
1036;"Korean"
1037;"Phase II"
1038;"Leave of Absence"
1039;"Analytical Skills"
1040;"Contact Centers"
1041;"Klarity"
1042;"IED"
1043;"Food Safety"
1044;"TBMCS"
1045;"Portrait Photography"
1046;"LabVIEW"
1047;"Credit"
1048;"OllyDbg"
1049;"Kyocera"
1050;"OS/390"
1051;"IT Hardware Support"
1052;"cGLP"
1053;"Analytics"
1054;"Data Management"
1055;"NVU"
1056;"Customs Regulations"
1057;"Safety Management Systems"
1058;"TV News Production"
1059;"JSP440"
1060;"Medical Imaging"
1061;"HRIS"
1062;"QKA"
1063;"HL7"
1064;"RMAN"
1065;"VCAT"
1066;"HSM"
1067;"ECDL Certification"
1068;"GBS"
1069;"First Time Home Sellers"
1070;"Motivational Speaking"
1071;"Posters"
1072;"Piloting"
1073;"OWL"
1074;"TCO reduction"
1075;"CMMI"
1076;"Umbilicals"
1077;"GVP"
1078;"SQL"
1079;"GNU C"
1080;"Analytical Chemistry"
1081;"Globalization"
1082;"MMI"
1083;"Time Series Analysis"
1084;"DCID 6/3"
1085;"NRSWA"
1086;"Slope Stability Analysis"
1087;"Observational Astronomy"
1088;"Medical Affairs"
1089;"MDR"
1090;"ISM"
1091;"Geological Mapping"
1092;"Aircraft"
1093;"DB2"
1094;"JavaSE"
1095;"TCAS"
1096;"WFC"
1097;"MS-DOS"
1098;"CNC Programing"
1099;"JDE Enterprise One"
1100;"OA Framework"
1101;"Vendor Management"
1102;"Kaspersky"
1103;"Aerial Cinematography"
1104;"KPO"
1105;"Ocean Freight"
1106;"Psychological Testing"
1107;"JTest"
1108;"TNCC Instruction"
1109;"RDMA"
1110;"Fashion Illustration"
1111;"Flight Safety"
1112;"CWS"
1113;"Digital Journalism"
1114;"Executive Coaching"
1115;"Architectural Illustration"
1116;"DSE Assessments"
1117;"HBDI"
1118;"Capital Equipment"
1119;"eGain"
1120;"Therapists"
1121;"Brazilian Jiu-Jitsu"
1122;"SSL Certificates"
1123;"LSL"
1124;"Avid DS Nitris"
1125;"VMI Programs"
1126;"Hydropower"
1127;"Oil on Canvas"
1128;"Telecom BSS"
1129;"TMON"
1130;"Candidate Generation"
1131;"Mutual Funds"
1132;"CSI"
1133;"Physics"
1134;"Class III Medical Devices"
1135;"IBS"
1136;"BMP"
1137;"Benefits Negotiation"
1138;"Utility Construction"
1139;"MSC Adams"
1140;"Immigration Law"
1141;"ERDAS Imagine"
1142;"QC Tools"
1143;"VTK"
1144;"UDDI"
1145;"Construction Safety"
1146;"Production Efficiency"
1147;"Order Picking"
1148;"Tax Law"
1149;"Recognition Awards"
1150;"Nursing Education"
1151;"CTC"
1152;"Front Office"
1153;"Whole Life"
1154;"Cerner CCL"
1155;"HPHT"
1156;"Weapons"
1157;"cPanel"
1158;"HR Software"
1159;"OMB Circular A-133"
1160;"Object Oriented Software"
1161;"Pharmaceutical Industry"
1162;"Web Typography"
1163;"Newsletters"
1164;"AJAX Toolkit"
1165;"Oracle RDC"
1166;"RCCA"
1167;"Wine"
1168;"Gyrokinesis"
1169;"Jasper Reports"
1170;"Healthcare Management"
1171;"HUMINT"
1172;"Employee Management"
1173;"Escrow"
1174;"AAAHC"
1175;"D3.js"
1176;"CWSP"
1177;"IKE"
1178;"Operations Management"
1179;"CDMA 1X"
1180;"Lloyds"
1181;"DSLAM"
1182;"JPEG"
1183;"Genomics"
1184;"Team Management"
1185;"NIR Spectroscopy"
1186;"Global Operations"
1187;"Agility"
1188;"Government Contracting"
1189;"Data Migration"
1190;"MicroStation"
1191;"Claim"
1192;"MDS"
1193;"Economic Modeling"
1194;"LLDP"
1195;"Aircraft Design"
1196;"ABAP Web Dynpro"
1197;"FDDI"
1198;"VPython"
1199;"Home Equity Lines of Credit"
1200;"Guided Reading"
1201;"Amazon EBS"
1202;"gSOAP"
1203;"IT Operations"
1204;"Physical Therapy"
1205;"Warehousing"
1206;"Euroclear"
1207;"EGL"
1208;"Visual Communication"
1209;"XML Programming"
1210;"IBM pSeries"
1211;"Water Features"
1212;"Trimble GPS"
1213;"Rapid Prototyping"
1214;"Wholesale"
1215;"High Availability Clustering"
1216;"Adobe Acrobat"
1217;"R&amp;TTE"
1218;"XCAL"
1219;"Early-stage Startups"
1220;"Aeroelasticity"
1221;"Dairy"
1222;"DDR2"
1223;"Accounts Receivable"
1224;"Oasys"
1225;"TSCM"
1226;"HTK"
1227;"CSS"
1228;"Information Security Awareness"
1229;"Ultra Low Latency"
1230;"IaaS"
1231;"Mental Health Counseling"
1232;"General Aviation"
1233;"AASHTO"
1234;"MVC Architecture"
1235;"Visio"
1236;"DL1"
1237;"Lifestyle"
1238;"Hyperion"
1239;"NCIDQ"
1240;"Sap Fm"
1241;"LWD"
1242;"Logo Design"
1243;"CPIM"
1244;"Dreamweaver"
1245;"SSI"
1246;"EKG"
1247;"Teacher Training"
1248;"Real Estate Economics"
1249;"BJT"
1250;"Sage 300 ERP"
1251;"RPM"
1252;"GMF"
1253;"Clinical Development"
1254;"Wind"
1255;"Urban Economics"
1256;"Procurement Outsourcing"
1257;"Human Capital"
1258;"Eclipse CDT"
1259;"Financial Mgmt"
1260;"WLM"
1261;"Visual Identity"
1262;"Java Enterprise Edition"
1263;"Framing"
1264;"LMDS"
1265;"Athletics"
1266;"iPhoto"
1267;"Project Implementation"
1268;"Turkish"
1269;"JReport"
1270;"EBITDA Growth"
1271;"Payment by Results"
1272;"IFM"
1273;"TV Distribution"
1274;"LDO"
1275;"Windows NT"
1276;"Wholesale Operations"
1277;"HSQLDB"
1278;"Insurance"
1279;"Natural Gas"
1280;"Jib"
1281;"MDI"
1282;"Document Imaging"
1283;"High Voltage"
1284;"DVI"
1285;"Radio Host"
1286;"MQC"
1287;"CFIA"
1288;"DSO"
1289;"Surgery"
1290;"Luxury Brand Marketing"
1291;"IIS"
1292;"IPv6"
1293;"Up-selling"
1294;"DOT Regulations"
1295;"Business Overhead Expense"
1296;"Customer Experience"
1297;"NWDI"
1298;"Fiction Writing"
1299;"ISO"
1300;"FWSM"
1301;"Aquatic Ecology"
1302;"Supplier Evaluation"
1303;"Shipbuilding"
1304;"Digital Marketing"
1305;"Vlookup"
1306;"GDAL"
1307;"Poka Yoke"
1308;"Military Logistics"
1309;"Fragrance"
1310;"Dynamics"
1311;"BMC Patrol"
1312;"HCS"
1313;"Zoning"
1314;"NCARB"
1315;"WPC"
1316;"DTA"
1317;"HVAC Design"
1318;"MCH"
1319;"Xenu"
1320;"LSF"
1321;"BDC programming"
1322;"Qualitative Research"
1323;"MXML"
1324;"CPR Certified"
1325;"ODM"
1326;"OSI Model"
1327;"QinQ"
1328;"BTL Activations"
1329;"Kitchen Cabinets"
1330;"KCS"
1331;"AJAX Frameworks"
1332;"First Time Home Buyers"
1333;"GSA Schedules"
1334;"Vsftpd"
1335;"CD packaging"
1336;"TL9000"
1337;"VCL"
1338;"SQL DB2"
1339;"Performance Management"
1340;"CDMA2000"
1341;"Snorkeling"
1342;"FTSE 100"
1343;"SRST"
1344;"Outcomes Research"
1345;"DTMF"
1346;"MP3"
1347;"VNA"
1348;"LSO"
1349;"Eyebrow"
1350;"Cfengine"
1351;"BGP"
1352;"FSA"
1353;"Customer Satisfaction"
1354;"Updos"
1355;"Climate Change"
1356;"Piano Education"
1357;"Risk Assessment"
1358;"PMD"
1359;"EPCM"
1360;"RQM"
1361;"EWB"
1362;"Zmap"
1363;"VFX Supervision"
1364;"Listings"
1365;"TMG"
1366;"IBM HTTP Server"
1367;"SQF"
1368;"MM modules"
1369;"HSIA"
1370;"BPO"
1371;"Epigenetics"
1372;"OECD"
1373;"ERP Implementations"
1374;"Non-profit Board Development"
1375;"Dtrace"
1376;"Sports Injuries"
1377;"RDCS"
1378;"Xcart"
1379;"Agronomy"
1380;"Smart GWT"
1381;"Oxidation"
1382;"QA Engineering"
1383;"Gyrotonic"
1384;"Online Publishing"
1385;"Board Development"
1386;"Financial Services"
1387;"PVD"
1388;"3D Modeling"
1389;"FTL"
1390;"WSGI"
1391;"Allen-Bradley"
1392;"Vacation Homes"
1393;"Eye Treatments"
1394;"EBITDA"
1395;"HVAC Controls"
1396;"MQL"
1397;"Occlusion"
1398;"Translation"
1399;"Rock Climbing"
1400;"NDDS"
1401;"Zend Studio"
1402;"CWNA"
1403;"Capacity Building"
1404;"Rational DOORS"
1405;"RSView"
1406;"CQ5"
1407;"XRF"
1408;"NCPDP"
1409;"Oilfield"
1410;"Shopping Centers"
1411;"Kohana Framework"
1412;"Banquets"
1413;"CP"
1414;"Long-term Customer Relationships"
1415;"International Trade"
1416;"JTIDS"
1417;"Human Resource Planning"
1418;"GMI"
1419;"QRadar"
1420;"Know-how"
1421;"TNCC"
1422;"IBM AIX"
1423;"Turbo Pascal"
1424;"SharePoint Designer"
1425;"Content Strategy"
1426;"Observational Studies"
1427;"Electric Guitar"
1428;"GDP"
1429;"Lymphedema"
1430;"Interpersonal Skills"
1431;"Wufoo"
1432;"FxCop"
1433;"Bhangra"
1434;"Workplace Violence"
1435;"Interior Design"
1436;"Kayak"
1437;"Groundwater"
1438;"SFE"
1439;"Epi Info"
1440;"iGrafx"
1441;"RNAi"
1442;"DMX"
1443;"SDI"
1444;"HLA"
1445;"ASP.NET AJAX"
1446;"FEED"
1447;"Microsoft Word"
1448;"LCD TV"
1449;"FTP"
1450;"JTA"
1451;"Criminal Justice"
1452;"Zainet"
1453;"Online Marketing"
1454;"WWII"
1455;"HP NonStop"
1456;"Fine Art"
1457;"Literacy"
1458;"Crisis Communications"
1459;"Quality Control"
1460;"Strategic Planning"
1461;"Military Aviation"
1462;"PCR"
1463;"Renewable Energy"
1464;"Xserve"
1465;"Yoga Instruction"
1466;"VSTS"
1467;"XML"
1468;"FX Operations"
1469;"AVEVA PDMS"
1470;"DDA compliance"
1471;"Onboarding"
1472;"Generators"
1473;"HDV"
1474;"Legal Advice"
1475;"UV Mapping"
1476;"Nightclub"
1477;"PPC"
1478;"DDI"
1479;"BPEL"
1480;"HD Camera Operation"
1481;"Gas Turbines"
1482;"Affordable Housing"
1483;"Protein Expression"
1484;"Humanitarian"
1485;"Two-phase Flow"
1486;"Quality Auditing"
1487;"Feasibility Studies"
1488;"Wheat"
1489;"FEM analysis"
1490;"Gnome"
1491;"Xbox"
1492;"PC Games"
1493;"XQuery"
1494;"Data Integration"
1495;"Aircraft Maintenance"
1496;"Thermal Oxidizers"
1497;"OMT"
1498;"CTA"
1499;"Digital TV"
1500;"OTM"
1501;"DNS Server"
1502;"Oozie"
1503;"TVCs"
1504;"Internet TV"
1505;"Citrix"
1506;"WFO"
1507;"Business Objects"
1508;"DGA"
1509;"SMS"
1510;"Medical Ultrasound"
1511;"Zinc"
1512;"Railway"
1513;"ISTQB"
1514;"KMS"
1515;"TLC"
1516;"DTE"
1517;"Navigation"
1518;"Zen"
1519;"Koine Greek"
1520;"WLR3"
1521;"XDoclet"
1522;"PIX"
1523;"ZK"
1524;"YAML"
1525;"MyChart"
1526;"Oenology"
1527;"After FX"
1528;"Real Estate Due Diligence"
1529;"uC/OS-II"
1530;"Database Design"
1531;"Formation Evaluation"
1532;"IAR Embedded Workbench"
1533;"RS422"
1534;"SBA"
1535;"Year-end Close"
1536;"Karaoke"
1537;"XMPP"
1538;"McAfee Antivirus"
1539;"UL"
1540;"DSM-IV"
1541;"xUnit"
1542;"Air Compressors"
1543;"Economic Research"
1544;"VLR"
1545;"ATG CSC"
1546;"HR Transformation"
1547;"WCF Services"
1548;"Switching"
1549;"Molecular Dynamics"
1550;"Pharmacy"
1551;"FCNSA"
1552;"UltraTax CS"
1553;"BSP"
1554;"Business Aviation"
1555;"Aquaculture"
1556;"TCF"
1557;"CVS"
1558;"DXL"
1559;"MMSC"
1560;"Ethnography"
1561;"Overtime"
1562;"Summation iBlaze"
1563;"WLAN"
1564;"BD+C"
1565;"RPAS"
1566;"OTDR"
1567;"CCU"
1568;"SEM"
1569;"Urban"
1570;"NPL"
1571;"Equipment Maintenance"
1572;"XPath"
1573;"VHF"
1574;"Outsourcing Management"
1575;"PMIS"
1576;"WSS 2.0"
1577;"QADirector"
1578;"Sales Tax"
1579;"DHCP"
1580;"PGA"
1581;"GMP"
1582;"Tax Preparation"
1583;"TTD"
1584;"Ozone Therapy"
1585;"VMware Server"
1586;"SSL"
1587;"GFSI"
1588;"VSEO"
1589;"Utility Billing"
1590;"Luxury Cruise"
1591;"iSCSI"
1592;"FFT"
1593;"Creativity Skills"
1594;"Employee Benefits"
1595;"Cluster"
1596;"Euthanasia"
1597;"UVLayout"
1598;"Sports"
1599;"Zyxel"
1600;"Pharmacy Benefit Management"
1601;"Rsync"
1602;"Aeronautics"
1603;"FX Options"
1604;"WSIB Claims Management"
1605;"zeus"
1606;"new reborn"
1607;"???"
